{
  "ions" : [
    {
      "x" : 342.140625,
      "y" : 172.03125,
      "q" : 10
    },
    {
      "x" : 196.15234375,
      "y" : 290.3125,
      "q" : 10
    }
  ],
  "electron" : {
    "y" : 182.8125,
    "q" : -10,
    "m" : 10,
    "x" : 234.7421875,
    "vy" : 2,
    "vx" : 2
  }
}