{
  "ions" : [
    {
      "x" : 342.140625,
      "y" : 172.03125,
      "q" : 10
    },
    {
      "x" : 196.15234375,
      "y" : 290.3125,
      "q" : 10
    }
  ],
  "electron" : {
    "y" : 300.2578125,
    "q" : -10,
    "m" : 10,
    "x" : 156.83203125,
    "vy" : 1,
    "vx" : 1
  }
}